"GE","CST","TNP","TWP","IAP","ARR","MS","LS","AS","FMI","FS","FQ","MQ","FO","MO","NF","SH","SS","ME","TT","ATD","ESP"
"M","G",0.44,0.59,0.5,"Y","Unmarried","V","Free",3145,5,"Il","Il","Farmer","Housewife",7,1,"Govt","Asm",0.5,0.77,"Fail"
"M","SC",0.58,0.41,0.52,"N","Unmarried","V","Paid",3483,3,"Um","10","Business","Housewife",1,1.5,"Govt","Asm",0.75,0.77,"Pass"
"M","MOBC",0.56,0.56,0.57,"Y","Unmarried","V","Paid",11368,11,"12","Um","Service","Housewife",20,5,"Govt","Asm",1.75,0.11,"Pass"
"F","G",0.5,0.5,0.46,"Y","Unmarried","V","Paid",6337,3,"Um","Il","Business","Housewife",2,2.5,"Govt","Eng",0,0.6,"Fail"
"M","OBC",0.36,0.39,0.48,"Y","Unmarried","V","Free",2987,5,"Um","Il","Farmer","Housewife",16,1,"Govt","Eng",0.75,0.77,"Fail"
"F","OBC",0.55,0.56,0.58,"Y","Unmarried","V","Free",8842,6,"10","10","Farmer","Housewife",2,3.5,"Govt","Asm",0.75,0.66,"Fail"
"M","OBC",0.96,0.6,0.6,"Y","Unmarried","V","Paid",10732,5,"12","Um","Business","Housewife",16,1,"Govt","Eng",1,0.61,"Pass"
"F","OBC",0.54,0.45,0.54,"Y","Unmarried","T","Paid",19472,4,"Um","Um","Service","Housewife",10,0.5,"Govt","Eng",0.25,0.28,"Fail"
"M","OBC",0.58,0.57,0.59,"Y","Unmarried","V","Free",9020,2,"Um","Um","Farmer","Housewife",13,2.5,"Govt","Asm",0.5,0.81,"Pass"
"F","ST",0.58,0.58,0.46,"Y","Unmarried","T","Paid",19928,4,"Degree","Il","Service","Housewife",1,1,"Govt","Eng",0.25,0.21,"Pass"
"M","ST",0.57,0.32,0.57,"Y","Unmarried","V","Free",14661,3,"10","10","Farmer","Housewife",4,4,"Private","Asm",2,0.71,"Pass"
"M","G",0.59,0.49,0.46,"N","Unmarried","V","Paid",3005,9,"Um","Um","Farmer","Housewife",9,3,"Private","Eng",0.25,0.79,"Pass"
"F","G",0.34,0.48,0.79,"N","Unmarried","V","Free",3278,10,"Um","Il","Farmer","Housewife",8,2,"Govt","Eng",1,0.8,"Pass"
"F","G",0.6,0.78,0.92,"N","Unmarried","T","Paid",6770,5,"12","10","Service","Housewife",8,5,"Govt","Eng",0.25,0.81,"Pass"
"F","MOBC",0.57,0.47,0.45,"Y","Unmarried","V","Free",3124,10,"Il","Il","Farmer","Housewife",18,0,"Govt","Asm",0.5,0.9,"Fail"
"F","MOBC",0.55,0.68,0.67,"N","Unmarried","V","Free",6191,6,"10","10","Farmer","Housewife",19,3,"Govt","Eng",0,0.75,"Pass"
"F","ST",0.66,0.48,0.55,"Y","Unmarried","V","Paid",5402,2,"10","10","Others","Housewife",20,3.5,"Govt","Asm",0.5,0.87,"Pass"
"M","G",0.5,0.79,0.47,"N","Unmarried","V","Free",3128,3,"Um","Um","Farmer","Housewife",15,3,"Govt","Asm",1.5,0.88,"Pass"
"F","ST",0.5,0.52,0.65,"Y","Unmarried","V","Paid",5981,3,"Um","Il","Service","Housewife",2,1,"Govt","Eng",0.25,0.62,"Pass"
"F","SC",0.44,0.46,0.74,"N","Unmarried","V","Free",10035,1,"10","Um","Business","Service",9,2,"Govt","Asm",0,0.13,"Pass"
"M","ST",0.58,0.52,0.72,"Y","Unmarried","V","Paid",9361,8,"10","12","Farmer","Housewife",20,3.5,"Govt","Eng",0.25,0.81,"Pass"
"M","G",0.52,0.58,0.49,"Y","Unmarried","V","Free",24096,10,"Um","Il","Farmer","Housewife",6,3,"Govt","Eng",0,0.15,"Fail"
"M","MOBC",0.3,0.51,0.77,"Y","Unmarried","V","Free",5589,4,"Um","Il","Business","Housewife",4,6,"Govt","Asm",0.5,0.91,"Pass"
"F","G",0.59,0.59,0.48,"Y","Unmarried","V","Paid",15428,5,"10","10","Business","Housewife",5,3,"Govt","Eng",0.25,0.8,"Fail"
"M","OBC",0.56,0.55,0.72,"Y","Unmarried","V","Free",3042,1,"Um","Um","Farmer","Housewife",14,4,"Govt","Asm",0.5,0.91,"Pass"
"M","ST",0.69,0.79,0.6,"Y","Unmarried","V","Paid",8248,1,"Degree","12","Farmer","Housewife",14,0,"Govt","Eng",1,0.98,"Pass"
"F","G",0.53,0.38,0.58,"N","Married","T","Paid",10527,9,"Um","Um","Others","Housewife",2,3.5,"Govt","Asm",1.25,0.91,"Fail"
"M","ST",0.32,0.55,0.58,"Y","Unmarried","V","Paid",14972,8,"Il","Il","Farmer","Housewife",3,3.5,"Govt","Asm",0.75,0.73,"Fail"
"M","OBC",0.5,0.5,0.42,"N","Unmarried","V","Paid",6777,2,"Il","Il","Others","Housewife",18,6,"Govt","Asm",0.5,0.83,"Pass"
"F","ST",0.59,0.51,0.59,"N","Unmarried","V","Free",14662,1,"Um","Um","Others","Housewife",11,2.5,"Private","Asm",0.5,0.68,"Pass"
"F","SC",0.61,0.95,0.77,"N","Unmarried","V","Free",4442,1,"Um","Um","Others","Housewife",1,2.5,"Govt","Asm",1,0.7,"Pass"
"M","OBC",0.41,0.31,0.47,"N","Unmarried","V","Free",9456,5,"Um","Um","Service","Housewife",6,2.5,"Govt","Asm",0.25,0.66,"Fail"
"M","OBC",0.35,0.67,0.68,"Y","Unmarried","V","Free",26304,3,"Il","Um","Others","Others",18,4.5,"Govt","Asm",0.75,0.46,"Fail"
"M","ST",0.38,0.35,0.57,"Y","Unmarried","V","Free",3345,8,"Um","Um","Service","Housewife",10,3,"Govt","Asm",1.25,0.71,"Fail"
"M","G",0.46,0.32,0.49,"N","Unmarried","T","Free",11629,13,"Um","Um","Business","Housewife",11,2.5,"Govt","Asm",0.25,0.7,"Fail"
"M","G",0.78,0.58,0.6,"N","Unmarried","V","Free",4344,7,"Um","Um","Farmer","Housewife",1,0.5,"Govt","Eng",1.5,0.64,"Pass"
"M","MOBC",0.36,0.35,0.47,"Y","Unmarried","V","Free",3798,3,"Il","Il","Service","Housewife",5,3,"Govt","Asm",1,0.97,"Fail"
"F","ST",0.57,0.54,0.55,"Y","Unmarried","V","Free",4807,8,"Il","Il","Farmer","Housewife",6,1,"Govt","Asm",1,0.17,"Pass"
"F","OBC",0.74,0.71,0.71,"Y","Unmarried","T","Free",16115,3,"Pg","12","Business","Service",12,6,"Private","Asm",0.25,0.8,"Pass"
"F","ST",0.66,0.72,0.73,"N","Unmarried","V","Free",25796,2,"Um","Um","Farmer","Housewife",11,6,"Private","Asm",1.25,0.79,"Pass"
"F","MOBC",0.74,0.91,0.68,"N","Unmarried","V","Free",3606,4,"Um","10","Farmer","Housewife",11,4,"Govt","Asm",0.5,0.92,"Pass"
"M","OBC",0.4,0.56,0.49,"N","Unmarried","V","Free",2552,4,"10","Um","Farmer","Housewife",4,1,"Govt","Asm",1.25,0.69,"Fail"
"M","G",0.52,0.54,0.74,"N","Unmarried","T","Paid",43590,5,"12","10","Business","Housewife",9,3,"Govt","Eng",0,0.17,"Pass"
"F","G",0.78,0.57,0.77,"N","Unmarried","V","Paid",9614,6,"12","Um","Business","Housewife",16,0,"Govt","Eng",0,0.86,"Pass"
"F","MOBC",0.62,0.78,0.46,"N","Unmarried","V","Free",4791,2,"Il","Il","Others","Housewife",19,3.5,"Govt","Asm",1,0.67,"Pass"
"F","ST",0.66,0.71,0.61,"N","Unmarried","V","Paid",9551,4,"Pg","12","Business","Housewife",12,0.5,"Private","Eng",0,0.87,"Pass"
"M","OBC",0.69,0.57,0.64,"Y","Unmarried","V","Free",3153,1,"Il","Il","Service","Housewife",5,1,"Private","Asm",0.75,0.67,"Fail"
"F","ST",0.74,0.73,0.47,"Y","Unmarried","V","Free",9144,4,"10","Um","Service","Others",11,2.5,"Private","Asm",0.25,0.64,"Pass"
"F","OBC",0.59,0.51,0.55,"N","Unmarried","V","Free",6817,8,"Um","Il","Farmer","Service",2,3,"Private","Eng",1,0.64,"Pass"
"F","G",0.71,0.79,0.75,"N","Unmarried","T","Paid",9962,11,"Il","Il","Business","Housewife",15,0.5,"Govt","Eng",1,0.67,"Pass"
"M","OBC",0.3,0.38,0.35,"Y","Unmarried","V","Free",3690,1,"Il","Il","Service","Housewife",8,3,"Govt","Asm",0,0.62,"Fail"
"M","OBC",0.45,0.51,0.45,"Y","Unmarried","V","Paid",24183,6,"12","Um","Service","Housewife",6,2.5,"Govt","Asm",0,0.66,"Fail"
"M","ST",0.58,0.51,0.32,"Y","Unmarried","V","Free",8079,2,"12","Um","Farmer","Housewife",10,2,"Govt","Asm",1,0.47,"Fail"
"F","G",0.38,0.33,0.59,"Y","Unmarried","V","Free",9535,3,"10","Um","Business","Housewife",9,3.5,"Govt","Asm",0,0.29,"Fail"
"M","SC",0.44,0.33,0.56,"N","Unmarried","V","Paid",5536,4,"Um","Um","Farmer","Housewife",10,3,"Govt","Asm",0.75,0.61,"Pass"
"M","OBC",0.48,0.56,0.76,"Y","Unmarried","V","Paid",3496,3,"12","12","Farmer","Housewife",19,3.5,"Govt","Eng",0,0.98,"Pass"
"M","G",0.41,0.58,0.65,"Y","Unmarried","V","Free",9474,1,"Um","Um","Farmer","Housewife",8,2,"Govt","Asm",0.75,0.98,"Fail"
"M","OBC",0.43,0.48,0.51,"N","Unmarried","V","Free",20959,3,"Il","Il","Farmer","Housewife",8,5,"Govt","Asm",0.5,0.72,"Pass"
"F","OBC",0.57,0.32,0.56,"N","Unmarried","V","Paid",9405,9,"12","Um","Farmer","Housewife",7,3.5,"Private","Asm",0,0.97,"Pass"
"M","MOBC",0.38,0.61,0.67,"N","Unmarried","V","Free",5771,3,"Il","Il","Service","Housewife",17,3.5,"Private","Asm",0.25,0.61,"Pass"
"F","OBC",0.79,0.63,0.51,"Y","Unmarried","V","Free",16462,11,"12","10","Others","Housewife",4,2.5,"Private","Asm",0.75,0.72,"Pass"
"F","ST",0.48,0.47,0.55,"N","Unmarried","V","Paid",2662,8,"Um","Il","Service","Housewife",5,1.5,"Govt","Eng",0.25,0.26,"Pass"
"F","G",0.56,0.37,0.55,"Y","Unmarried","V","Free",6935,2,"Um","Il","Business","Housewife",4,2.5,"Govt","Eng",0,0.85,"Fail"
"F","OBC",0.53,0.51,0.54,"Y","Unmarried","V","Free",9286,4,"10","10","Farmer","Housewife",11,2,"Govt","Asm",0.75,0.73,"Fail"
"M","OBC",0.35,0.32,0.54,"Y","Unmarried","V","Paid",2973,4,"10","10","Service","Housewife",15,3,"Govt","Asm",0.5,0.3,"Fail"
"F","ST",0.59,0.63,0.58,"N","Unmarried","V","Free",12846,3,"Degree","Um","Others","Housewife",5,2.5,"Govt","Eng",1,0.79,"Pass"
"F","OBC",0.45,0.45,0.51,"Y","Unmarried","V","Free",4308,2,"Um","Um","Farmer","Housewife",7,3.5,"Govt","Asm",2,0.81,"Fail"
"F","G",0.47,0.59,0.64,"Y","Unmarried","V","Free",9358,11,"Il","Il","Farmer","Housewife",7,5.5,"Govt","Eng",0.75,0.99,"Fail"
"F","OBC",0.59,0.51,0.46,"N","Unmarried","V","Paid",6276,4,"Um","10","Farmer","Housewife",2,3.5,"Govt","Asm",0.25,0.94,"Pass"
"F","OBC",0.47,0.56,0.57,"N","Unmarried","V","Free",6971,3,"Um","Um","Farmer","Housewife",10,0.5,"Govt","Asm",0.25,0.65,"Fail"
"M","G",0.59,0.52,0.74,"N","Unmarried","V","Paid",10214,7,"10","12","Service","Housewife",17,1,"Private","Asm",0.25,0.85,"Pass"
"M","G",0.5,0.58,0.45,"N","Unmarried","T","Free",7494,3,"12","12","Service","Housewife",1,3.5,"Govt","Asm",0.25,0.65,"Pass"
"F","MOBC",0.35,0.5,0.49,"N","Unmarried","V","Free",13180,2,"Um","Um","Business","Housewife",5,2.5,"Govt","Asm",0.5,0.89,"Fail"
"M","OBC",0.59,0.45,0.56,"N","Unmarried","T","Paid",21697,7,"Um","Um","Business","Housewife",20,1,"Private","Eng",0,0.56,"Pass"
"F","OBC",0.44,0.41,0.49,"N","Unmarried","V","Paid",4745,4,"10","Il","Others","Housewife",8,2.5,"Govt","Eng",0.25,0.6,"Pass"
"F","OBC",0.74,0.53,0.71,"Y","Unmarried","V","Paid",6808,4,"10","Um","Farmer","Housewife",13,3,"Govt","Eng",0,0.82,"Pass"
"F","MOBC",0.35,0.59,0.76,"Y","Unmarried","V","Free",6099,5,"10","10","Business","Housewife",3,3.5,"Private","Asm",1.25,0.53,"Fail"
"F","MOBC",0.45,0.61,0.79,"Y","Unmarried","V","Free",4679,6,"Il","Il","Farmer","Housewife",15,2,"Govt","Eng",0.25,0.97,"Pass"
"F","OBC",0.58,0.55,0.76,"N","Unmarried","V","Free",23390,2,"Um","Um","Others","Housewife",11,4,"Govt","Asm",1.75,0.3,"Pass"
"M","OBC",0.46,0.53,0.72,"Y","Unmarried","V","Free",9650,7,"Il","Il","Service","Housewife",6,2,"Govt","Asm",0.75,0.37,"Pass"
"M","OBC",0.32,0.52,0.48,"Y","Unmarried","V","Free",28297,5,"Um","Um","Service","Housewife",6,0,"Govt","Asm",2,0.78,"Fail"
"F","MOBC",0.76,0.52,0.51,"Y","Unmarried","V","Paid",2557,4,"12","10","Others","Housewife",5,5.5,"Govt","Asm",1,0.8,"Pass"
"M","MOBC",0.57,0.54,0.75,"Y","Unmarried","V","Paid",6776,5,"Um","Um","Farmer","Housewife",19,2,"Private","Eng",0.25,0.15,"Fail"
"F","G",0.33,0.57,0.46,"N","Unmarried","V","Free",6245,3,"Um","Um","Business","Housewife",11,1.5,"Govt","Asm",0,0.6,"Pass"
"F","ST",0.41,0.58,0.67,"Y","Unmarried","V","Paid",12506,11,"10","Il","Business","Housewife",20,2.5,"Govt","Eng",1,0.58,"Pass"
"F","MOBC",0.44,0.51,0.46,"N","Unmarried","V","Free",15566,3,"10","10","Farmer","Housewife",2,2.5,"Govt","Asm",0.25,0.44,"Pass"
"F","MOBC",0.59,0.55,0.51,"N","Unmarried","V","Free",2932,17,"Il","Il","Service","Housewife",12,2,"Govt","Asm",0,0.78,"Pass"
"M","G",0.63,0.73,0.65,"N","Unmarried","T","Paid",18182,2,"12","Il","Service","Housewife",10,1,"Govt","Eng",0,0.62,"Pass"
"F","MOBC",0.52,0.53,0.71,"N","Unmarried","T","Paid",15992,6,"12","Il","Service","Housewife",6,3,"Govt","Asm",0,0.62,"Pass"
"F","OBC",0.38,0.31,0.51,"N","Unmarried","T","Free",2611,5,"10","12","Business","Housewife",17,3.5,"Govt","Asm",0,0.74,"Fail"
"M","MOBC",0.51,0.61,0.76,"Y","Unmarried","V","Free",3745,11,"Il","Il","Farmer","Housewife",10,2,"Govt","Asm",0.5,0.87,"Pass"
"F","MOBC",0.5,0.59,0.46,"N","Unmarried","V","Free",22974,4,"Degree","Um","Farmer","Housewife",7,4,"Govt","Asm",0.5,0.95,"Pass"
"F","SC",0.48,0.63,0.55,"Y","Unmarried","V","Free",3131,4,"Um","Il","Farmer","Housewife",5,2.5,"Govt","Asm",0.5,0.75,"Fail"
"M","G",0.37,0.48,0.57,"N","Unmarried","V","Free",3916,2,"Um","Um","Others","Others",13,0.5,"Govt","Hin",0.5,0.51,"Pass"
"M","MOBC",0.54,0.5,0.54,"Y","Unmarried","V","Free",2791,2,"12","Um","Farmer","Housewife",12,2,"Govt","Asm",1.5,0.32,"Pass"
"F","G",0.52,0.47,0.5,"Y","Unmarried","V","Paid",5475,2,"12","10","Farmer","Housewife",2,2.5,"Govt","Asm",1,0.7,"Fail"
"M","G",0.45,0.54,0.57,"Y","Unmarried","V","Free",2716,1,"Um","Um","Farmer","Housewife",1,3,"Private","Asm",0.5,0.79,"Fail"
"F","OBC",0.38,0.47,0.31,"Y","Unmarried","V","Free",3078,11,"Il","Um","Others","Service",6,1.5,"Govt","Asm",2,0.66,"Fail"
"F","MOBC",0.54,0.62,0.77,"Y","Unmarried","V","Free",3801,7,"Um","Um","Farmer","Housewife",11,4,"Govt","Asm",1.75,0.23,"Fail"
"F","SC",0.75,0.62,0.61,"N","Unmarried","V","Paid",8519,1,"Pg","Pg","Retired","Service",2,5,"Govt","Asm",0,0.85,"Pass"
"F","ST",0.66,0.69,0.78,"N","Unmarried","T","Paid",11433,7,"Pg","Pg","Business","Service",20,2,"Private","Asm",0.75,0.21,"Pass"
"M","ST",0.47,0.37,0.49,"Y","Unmarried","V","Free",5877,3,"Um","Um","Farmer","Housewife",18,3,"Private","Asm",0.5,0.61,"Fail"
"F","OBC",0.45,0.59,0.46,"N","Unmarried","T","Paid",53823,11,"12","Um","Service","Housewife",14,1,"Govt","Asm",0,0.9,"Pass"
"M","OBC",0.7,0.65,0.67,"N","Unmarried","V","Free",15008,11,"Um","Um","Farmer","Housewife",12,4,"Govt","Asm",0.75,0.98,"Pass"
"F","G",0.45,0.45,0.6,"N","Unmarried","V","Paid",9626,2,"10","10","Business","Housewife",10,1.5,"Govt","Asm",0.25,0.75,"Pass"
"F","MOBC",0.56,0.55,0.58,"N","Unmarried","V","Free",21566,5,"Um","Um","Farmer","Housewife",6,2.5,"Private","Asm",1,0.68,"Pass"
"F","OBC",0.44,0.43,0.47,"Y","Unmarried","V","Free",2628,1,"Um","Il","Farmer","Housewife",5,2,"Private","Eng",0.25,0.62,"Fail"
"M","MOBC",0.55,0.52,0.53,"Y","Unmarried","T","Free",7067,2,"12","10","Business","Housewife",20,3,"Govt","Asm",1.25,0.12,"Pass"
"F","OBC",0.55,0.45,0.45,"Y","Unmarried","V","Free",6533,3,"Um","Um","Business","Housewife",9,1.5,"Govt","Eng",0,0.77,"Fail"
"F","OBC",0.7,0.78,0.62,"N","Unmarried","V","Paid",27150,11,"12","Um","Service","Housewife",16,4,"Private","Eng",0,0.94,"Pass"
"M","MOBC",0.34,0.45,0.56,"Y","Unmarried","V","Free",6026,3,"12","12","Farmer","Housewife",7,6,"Private","Asm",1.25,0.96,"Fail"
"F","G",0.5,0.49,0.59,"N","Unmarried","T","Free",8854,10,"Degree","12","Business","Housewife",8,4,"Govt","Asm",0.5,0.72,"Pass"
"F","G",0.31,0.31,0.4,"Y","Unmarried","T","Free",3566,1,"Il","Il","Others","Housewife",10,0,"Govt","Asm",0.75,0.68,"Fail"
"M","OBC",0.53,0.33,0.46,"Y","Unmarried","V","Free",6767,1,"Il","Il","Others","Service",6,1,"Govt","Asm",0.25,0.29,"Fail"
"F","MOBC",0.4,0.59,0.57,"N","Unmarried","V","Free",9828,2,"Um","Um","Farmer","Housewife",9,0.5,"Govt","Asm",0.25,0.7,"Fail"
"F","OBC",0.47,0.59,0.61,"N","Unmarried","V","Paid",19637,4,"Um","Um","Service","Housewife",2,3,"Govt","Eng",2,0.96,"Pass"
"F","ST",0.59,0.55,0.59,"N","Unmarried","V","Paid",13218,6,"Um","Il","Service","Housewife",9,0,"Govt","Eng",0,0.61,"Fail"
"M","OBC",0.5,0.64,0.45,"N","Unmarried","V","Paid",11270,6,"10","10","Service","Service",17,2,"Private","Eng",1,0.34,"Pass"
"M","OBC",0.42,0.36,0.52,"Y","Unmarried","V","Free",5091,3,"Um","Um","Service","Housewife",11,2,"Govt","Asm",0.25,0.6,"Fail"
"F","SC",0.56,0.57,0.54,"Y","Unmarried","T","Free",23297,5,"Um","10","Service","Housewife",7,2,"Govt","Asm",0.5,0.32,"Fail"
"F","OBC",0.91,0.85,0.67,"N","Unmarried","T","Free",2745,15,"12","Il","Business","Housewife",4,4.5,"Private","Eng",0,0.63,"Pass"
"M","G",0.63,0.48,0.59,"Y","Unmarried","V","Free",5395,5,"Um","Um","Others","Housewife",20,2,"Private","Eng",0.5,0.92,"Pass"
"M","G",0.47,0.74,0.78,"Y","Unmarried","T","Paid",4443,3,"12","10","Others","Housewife",17,0.5,"Govt","Eng",0,0.74,"Pass"
"F","SC",0.54,0.57,0.6,"N","Unmarried","V","Free",8756,3,"Degree","Degree","Business","Housewife",8,4,"Private","Eng",1,0.67,"Pass"
"F","OBC",0.87,0.7,0.86,"N","Unmarried","T","Paid",18622,3,"Degree","10","Business","Service",12,5.5,"Govt","Asm",0.25,0.76,"Pass"
"M","OBC",0.61,0.7,0.6,"Y","Unmarried","V","Paid",15400,4,"10","Um","Business","Housewife",18,3.5,"Private","Eng",0.25,0.95,"Pass"
"M","MOBC",0.61,0.68,0.54,"N","Unmarried","V","Free",27881,1,"10","Um","Farmer","Housewife",9,0.5,"Govt","Asm",0.25,0.75,"Pass"
"M","OBC",0.91,0.79,0.46,"N","Unmarried","V","Free",3907,2,"Um","Um","Farmer","Housewife",18,3.5,"Private","Eng",0.25,0.63,"Pass"
"F","OBC",0.59,0.65,0.6,"N","Unmarried","V","Free",4292,4,"Um","Il","Business","Housewife",2,3,"Private","Eng",1,0.86,"Pass"
"F","G",0.47,0.44,0.51,"Y","Unmarried","T","Free",7992,1,"Um","Um","Business","Housewife",9,2.5,"Private","Asm",0.75,0.94,"Fail"
"F","OBC",0.51,0.53,0.57,"Y","Unmarried","T","Free",6367,3,"Um","Um","Business","Housewife",8,2.5,"Private","Asm",0.25,0.85,"Fail"
"M","MOBC",0.45,0.54,0.56,"Y","Unmarried","V","Free",6109,8,"Il","Il","Farmer","Housewife",19,3,"Govt","Asm",0.25,0.71,"Pass"
"M","OBC",0.74,0.77,0.67,"N","Unmarried","T","Paid",8752,1,"Degree","10","Others","Housewife",14,3.5,"Govt","Ben",0,0.89,"Pass"
"F","G",0.6,0.64,0.78,"N","Unmarried","V","Paid",70593,5,"Degree","Degree","Service","Housewife",12,0,"Govt","Eng",0,0.95,"Pass"
"F","G",0.84,0.73,0.85,"N","Unmarried","V","Free",7017,7,"Degree","10","Business","Housewife",7,6,"Private","Eng",0,0.93,"Pass"
"F","G",0.55,0.56,0.6,"Y","Unmarried","V","Free",6845,6,"Degree","Um","Farmer","Housewife",4,5.5,"Govt","Asm",0.75,0.78,"Pass"
"M","G",0.62,0.8,0.84,"N","Unmarried","T","Paid",58624,1,"Degree","Degree","Service","Housewife",15,5,"Private","Eng",0.5,0.88,"Pass"
"M","OBC",0.36,0.37,0.48,"Y","Unmarried","V","Free",4239,10,"Um","Il","Service","Service",20,2.5,"Govt","Asm",0.5,0.37,"Fail"
"M","G",0.32,0.33,0.44,"Y","Unmarried","T","Paid",22352,9,"Um","Um","Service","Housewife",12,2.5,"Private","Eng",0.25,0.52,"Fail"
"F","OBC",0.38,0.58,0.45,"Y","Unmarried","V","Free",3058,1,"Um","Il","Farmer","Housewife",20,3,"Private","Asm",1,0.96,"Pass"
"M","OBC",0.55,0.33,0.76,"Y","Unmarried","V","Free",3858,2,"Um","Um","Service","Service",16,3.5,"Govt","Asm",0.75,0.22,"Fail"
"M","G",0.57,0.59,0.45,"N","Unmarried","V","Free",3235,1,"Um","Il","Service","Service",17,3.5,"Govt","Asm",0,0.15,"Fail"
"M","OBC",0.38,0.68,0.58,"Y","Unmarried","V","Free",5448,4,"10","Um","Others","Housewife",6,3.5,"Private","Asm",0.5,0.69,"Fail"
"F","MOBC",0.5,0.48,0.51,"Y","Unmarried","V","Free",8203,9,"Um","Um","Farmer","Housewife",7,3,"Govt","Asm",0.75,0.6,"Pass"
"M","G",0.48,0.33,0.7,"Y","Unmarried","V","Free",8070,2,"Degree","12","Service","Housewife",8,2,"Govt","Asm",0,0.12,"Fail"
"F","OBC",0.47,0.55,0.49,"N","Unmarried","T","Free",26837,3,"10","10","Business","Housewife",12,6,"Govt","Eng",0.25,0.55,"Pass"
"M","MOBC",0.78,0.63,0.66,"N","Unmarried","V","Free",3708,1,"Um","Um","Farmer","Housewife",9,5,"Govt","Asm",1,0.75,"Pass"
"M","MOBC",0.68,0.76,0.75,"N","Unmarried","V","Free",21893,9,"Um","Il","Service","Service",5,0,"Private","Eng",0.75,0.61,"Pass"
"M","OBC",0.47,0.37,0.57,"Y","Unmarried","V","Free",8756,7,"Um","Il","Business","Housewife",1,2.5,"Govt","Eng",0,0.24,"Fail"
"M","MOBC",0.31,0.46,0.57,"Y","Unmarried","V","Free",17217,7,"Um","Um","Farmer","Housewife",6,2,"Govt","Asm",0.75,0.11,"Fail"
"M","OBC",0.46,0.41,0.61,"N","Unmarried","V","Free",9908,9,"Il","10","Service","Housewife",7,1,"Govt","Asm",0,0.25,"Pass"
"M","G",0.5,0.49,0.55,"Y","Unmarried","V","Free",4563,5,"Um","Um","Farmer","Housewife",5,4,"Private","Asm",1,0.64,"Fail"
"F","OBC",0.43,0.59,0.76,"Y","Unmarried","T","Free",3407,4,"10","10","Others","Housewife",16,5.5,"Govt","Ben",0,0.77,"Pass"
"M","MOBC",0.38,0.55,0.54,"Y","Unmarried","V","Free",3924,6,"Um","Um","Others","Housewife",5,3.5,"Govt","Asm",1.25,0.16,"Pass"
"M","OBC",0.61,0.66,0.69,"N","Unmarried","V","Paid",4301,10,"Um","Il","Service","Service",1,1.5,"Govt","Asm",0.75,0.61,"Pass"
"F","MOBC",0.41,0.55,0.56,"Y","Unmarried","V","Free",13521,7,"Um","Um","Farmer","Housewife",5,3,"Private","Asm",1,0.55,"Fail"
"M","OBC",0.35,0.56,0.48,"Y","Unmarried","V","Free",6693,11,"Um","Um","Farmer","Housewife",1,3,"Govt","Asm",0.25,0.8,"Fail"
"M","OBC",0.46,0.55,0.58,"Y","Unmarried","V","Free",3824,1,"Um","Il","Farmer","Housewife",6,3,"Govt","Asm",0.5,0.8,"Pass"
"M","OBC",0.35,0.42,0.73,"Y","Unmarried","T","Paid",6595,5,"Um","12","Others","Housewife",7,1.5,"Private","Eng",0.25,0.46,"Pass"
"F","OBC",0.58,0.53,0.58,"N","Unmarried","V","Paid",8686,1,"Um","Um","Service","Housewife",1,0.5,"Govt","Asm",0.25,0.71,"Pass"
"M","MOBC",0.56,0.41,0.35,"Y","Unmarried","V","Free",4830,3,"Il","Il","Service","Housewife",14,1.5,"Govt","Asm",0,0.51,"Fail"
"M","MOBC",0.56,0.71,0.49,"N","Unmarried","V","Free",15104,10,"Um","Um","Others","Housewife",2,0,"Govt","Asm",1.5,0.28,"Pass"
"F","MOBC",0.78,0.77,0.63,"N","Unmarried","V","Free",7412,10,"Um","Um","Others","Housewife",2,6,"Govt","Asm",0,0.88,"Pass"
"F","OBC",0.59,0.45,0.59,"N","Unmarried","V","Paid",8292,4,"Il","Um","Farmer","Housewife",3,0,"Private","Asm",0.5,0.97,"Pass"
"M","OBC",0.46,0.51,0.46,"Y","Unmarried","T","Paid",17602,10,"12","Um","Business","Housewife",9,5,"Govt","Eng",0.25,0.72,"Pass"
"M","G",0.67,0.71,0.5,"N","Unmarried","T","Free",6631,4,"10","12","Others","Housewife",12,5.5,"Govt","Asm",0,0.92,"Pass"
"M","OBC",0.75,0.53,0.51,"Y","Unmarried","V","Paid",3898,3,"12","12","Retired","Housewife",8,3.5,"Govt","Eng",0.25,0.92,"Pass"
"M","OBC",0.39,0.45,0.56,"N","Unmarried","T","Free",6377,9,"10","Um","Service","Housewife",3,3.5,"Govt","Eng",0.75,0.93,"Fail"
"M","OBC",0.6,0.49,0.64,"N","Unmarried","V","Paid",6784,9,"10","Um","Farmer","Housewife",4,0.5,"Private","Eng",0.75,0.67,"Pass"
"M","ST",0.5,0.52,0.54,"N","Unmarried","T","Paid",28930,7,"Um","Il","Service","Housewife",12,2.5,"Govt","Eng",0,0.8,"Pass"
"F","ST",0.39,0.51,0.56,"N","Unmarried","V","Free",8884,5,"Um","Um","Farmer","Housewife",1,2.5,"Govt","Asm",0.5,0.66,"Fail"
"M","ST",0.41,0.51,0.53,"Y","Unmarried","V","Free",4333,10,"Um","Il","Farmer","Housewife",11,3,"Private","Asm",1.75,0.86,"Fail"
"M","ST",0.65,0.65,0.92,"N","Unmarried","V","Paid",16573,11,"Degree","12","Others","Housewife",8,6,"Govt","Eng",0,0.82,"Pass"
"F","G",0.35,0.34,0.32,"Y","Unmarried","V","Free",3174,5,"Um","Il","Service","Housewife",3,3,"Govt","Asm",1.75,0.47,"Fail"
"M","OBC",0.59,0.76,0.51,"N","Unmarried","V","Free",4517,7,"Um","Il","Farmer","Housewife",1,2.5,"Private","Eng",2,0.11,"Pass"
"M","SC",0.51,0.37,0.53,"N","Unmarried","V","Paid",8873,1,"Um","Um","Farmer","Housewife",10,2,"Govt","Asm",0.75,0.72,"Fail"
"F","G",0.42,0.47,0.64,"Y","Unmarried","V","Free",9887,15,"10","Um","Farmer","Housewife",9,3.5,"Govt","Eng",0.25,0.8,"Pass"
"M","G",0.56,0.53,0.58,"N","Unmarried","T","Paid",14010,1,"Degree","Degree","Business","Housewife",2,2,"Private","Eng",0.25,0.6,"Pass"
"M","MOBC",0.58,0.56,0.69,"Y","Unmarried","V","Free",8057,1,"Il","Il","Farmer","Housewife",7,2,"Govt","Asm",0.25,0.82,"Pass"
"F","G",0.59,0.57,0.63,"N","Unmarried","T","Free",5703,1,"Um","Um","Others","Housewife",1,3.5,"Private","Eng",0,0.79,"Pass"
"F","G",0.53,0.45,0.62,"N","Unmarried","T","Paid",4313,4,"Um","Um","Business","Housewife",4,3,"Govt","Eng",0.25,0.33,"Pass"
"M","OBC",0.66,0.76,0.77,"N","Unmarried","V","Paid",6046,5,"Il","Um","Others","Housewife",12,2.5,"Private","Asm",0.75,0.83,"Pass"
"M","OBC",0.48,0.59,0.6,"N","Unmarried","V","Paid",11883,5,"Um","Um","Others","Others",14,3.5,"Govt","Hin",0,0.99,"Pass"
"F","ST",0.51,0.73,0.71,"Y","Unmarried","V","Paid",12097,6,"Um","Um","Farmer","Housewife",19,4,"Private","Eng",0.25,0.84,"Pass"
"M","OBC",0.45,0.5,0.56,"Y","Unmarried","V","Free",9900,6,"Il","Il","Service","Service",10,1.5,"Govt","Asm",0,0.44,"Pass"
"M","G",0.56,0.54,0.51,"N","Unmarried","V","Free",4059,5,"Um","Um","Farmer","Housewife",12,4,"Govt","Asm",0,0.63,"Pass"
"F","G",0.52,0.55,0.73,"Y","Unmarried","T","Free",3773,3,"Il","Um","Business","Housewife",3,4.5,"Govt","Asm",0.5,0.95,"Pass"
"M","OBC",0.84,0.66,0.79,"N","Unmarried","T","Free",7777,5,"10","Um","Business","Housewife",14,0.5,"Private","Eng",1.75,0.73,"Pass"
"M","OBC",0.31,0.55,0.53,"Y","Unmarried","V","Free",7481,1,"Il","Il","Farmer","Housewife",9,2,"Govt","Asm",0.75,0.72,"Fail"
"F","OBC",0.54,0.59,0.69,"Y","Unmarried","T","Paid",8745,2,"10","10","Service","Housewife",14,1.5,"Govt","Eng",0,0.64,"Pass"
"M","G",0.51,0.5,0.62,"N","Unmarried","T","Paid",5543,3,"Um","Um","Others","Housewife",13,1,"Private","Eng",0,0.93,"Pass"
"F","G",0.59,0.52,0.73,"Y","Unmarried","V","Paid",9024,10,"Um","10","Farmer","Housewife",19,1,"Govt","Asm",0.25,0.97,"Pass"
"M","MOBC",0.34,0.41,0.54,"N","Unmarried","V","Free",6489,3,"Il","Il","Others","Service",3,2,"Private","Asm",0.75,0.12,"Fail"
"M","OBC",0.55,0.5,0.49,"Y","Unmarried","V","Free",4728,5,"Um","Um","Farmer","Housewife",18,3,"Govt","Asm",0.75,0.76,"Pass"
"M","G",0.61,0.78,0.7,"N","Unmarried","T","Paid",11006,3,"12","12","Service","Housewife",6,3.5,"Govt","Asm",0,0.78,"Pass"
"M","OBC",0.55,0.53,0.52,"Y","Unmarried","T","Paid",24419,8,"Degree","12","Service","Housewife",5,3,"Private","Eng",0,0.14,"Fail"
"F","OBC",0.53,0.5,0.69,"N","Unmarried","V","Paid",8228,3,"Um","10","Farmer","Housewife",9,3,"Govt","Asm",0.25,1,"Pass"
"M","ST",0.51,0.34,0.57,"Y","Unmarried","V","Free",4746,1,"Um","10","Farmer","Housewife",6,2.5,"Govt","Asm",2,0.75,"Fail"
"F","G",0.54,0.69,0.72,"Y","Unmarried","V","Free",4112,15,"Il","Il","Service","Housewife",4,0,"Govt","Asm",0.75,0.75,"Pass"
"F","OBC",0.64,0.67,0.53,"Y","Unmarried","V","Paid",4557,4,"Degree","Degree","Others","Housewife",12,3,"Govt","Asm",0.75,0.95,"Pass"
"M","OBC",0.44,0.57,0.6,"Y","Unmarried","V","Free",4479,4,"Um","Um","Farmer","Housewife",7,1.5,"Govt","Eng",1.75,0.68,"Pass"
"M","MOBC",0.4,0.78,0.59,"Y","Unmarried","V","Free",9257,9,"Il","Il","Service","Service",3,2,"Private","Eng",0.75,0.67,"Pass"
"F","OBC",0.56,0.54,0.69,"N","Unmarried","V","Paid",11419,10,"12","10","Service","Housewife",9,2.5,"Govt","Asm",2,0.89,"Pass"
"F","OBC",0.39,0.55,0.54,"N","Unmarried","V","Free",28121,1,"Um","10","Service","Service",6,2,"Govt","Asm",0,0.28,"Pass"
"F","SC",0.58,0.37,0.59,"Y","Unmarried","V","Free",3879,3,"Um","Um","Farmer","Housewife",2,3.5,"Private","Asm",0,0.97,"Fail"
"F","OBC",0.49,0.46,0.67,"N","Unmarried","V","Free",17917,18,"Il","Il","Farmer","Housewife",2,2.5,"Govt","Asm",1.75,0.92,"Pass"
"F","G",0.53,0.6,0.68,"N","Unmarried","V","Free",7046,2,"Il","Il","Farmer","Housewife",3,0,"Govt","Asm",0.25,0.97,"Pass"
"F","OBC",0.47,0.54,0.67,"N","Unmarried","V","Free",28205,2,"Il","Um","Business","Housewife",11,2,"Govt","Asm",0,0.81,"Pass"
"M","OBC",0.44,0.47,0.54,"Y","Unmarried","V","Paid",29894,7,"Pg","12","Service","Housewife",18,3.5,"Private","Eng",0,0.46,"Fail"
"F","OBC",0.75,0.79,0.45,"N","Unmarried","T","Free",5952,11,"Um","Il","Farmer","Housewife",1,5,"Govt","Eng",0.5,0.78,"Pass"
"F","ST",0.44,0.53,0.5,"N","Unmarried","V","Paid",5049,4,"Um","10","Business","Housewife",5,0,"Govt","Asm",0.25,0.68,"Pass"
"F","MOBC",0.49,0.79,0.51,"Y","Unmarried","V","Free",3440,5,"Um","Il","Business","Housewife",9,3.5,"Private","Asm",0.75,0.39,"Pass"
"F","SC",0.4,0.31,0.6,"Y","Unmarried","V","Free",9869,6,"Il","Il","Business","Housewife",5,0.5,"Govt","Asm",0.5,0.74,"Pass"
"F","G",0.5,0.34,0.4,"Y","Unmarried","V","Paid",4716,9,"Um","Um","Others","Housewife",4,2,"Govt","Eng",0.25,0.64,"Fail"
"M","G",0.82,0.86,1,"N","Unmarried","T","Paid",13099,2,"12","Um","Service","Housewife",17,2,"Private","Eng",0.25,0.78,"Pass"
"F","OBC",0.58,0.46,0.71,"Y","Unmarried","V","Free",11189,2,"Il","Um","Business","Housewife",4,3,"Govt","Eng",1.75,0.76,"Pass"
"F","ST",0.53,0.6,0.56,"N","Unmarried","V","Free",14379,2,"10","Um","Farmer","Housewife",5,5.5,"Govt","Asm",1,0.75,"Pass"
"F","OBC",0.4,0.42,0.46,"N","Unmarried","V","Paid",6163,2,"10","10","Service","Housewife",2,3,"Govt","Asm",0,0.67,"Pass"
"F","OBC",0.59,0.71,0.7,"N","Unmarried","T","Paid",5271,1,"Um","Um","Service","Housewife",5,5.5,"Private","Asm",0.25,0.7,"Pass"
"M","G",0.44,0.55,0.49,"N","Unmarried","T","Paid",16836,1,"Um","Um","Business","Housewife",15,0.5,"Govt","Asm",0,0.66,"Pass"
"M","MOBC",0.49,0.71,0.63,"N","Unmarried","V","Free",28444,4,"12","Um","Farmer","Housewife",12,0,"Govt","Asm",1.25,0.73,"Pass"
"F","OBC",0.58,0.41,0.34,"Y","Unmarried","V","Free",20024,1,"Um","12","Service","Service",6,0,"Govt","Asm",1,0.74,"Fail"
"F","OBC",0.35,0.5,0.77,"Y","Unmarried","T","Paid",11744,2,"Um","Um","Service","Housewife",1,2.5,"Govt","Asm",0.25,0.64,"Fail"
"M","OBC",0.3,0.43,0.52,"Y","Unmarried","V","Free",8260,6,"Um","Um","Farmer","Housewife",7,2.5,"Govt","Asm",1,0.33,"Fail"
"M","OBC",0.45,0.83,0.68,"N","Unmarried","V","Free",2881,5,"10","Il","Farmer","Housewife",8,3.5,"Govt","Asm",0.25,0.16,"Pass"
